<?xml version="1.0" encoding="UTF-8"?>
<project-private xmlns="http://www.netbeans.org/ns/project-private/1">
    <editor-bookmarks xmlns="http://www.netbeans.org/ns/editor-bookmarks/2" lastBookmarkId="1">
        <file>
            <url>src/java/Control/AgregarAlCarrito.java</url>
            <bookmark id="1">
                <name/>
                <line>23</line>
                <key/>
            </bookmark>
        </file>
    </editor-bookmarks>
    <open-files xmlns="http://www.netbeans.org/ns/projectui-open-files/2">
        <group>
            <file>file:/C:/GitHub/Help4Traveling-Tarea2/web/index.jsp</file>
            <file>file:/C:/GitHub/Help4Traveling-Tarea2/build/generated-sources/jax-ws/servidor/Publicador.java</file>
            <file>file:/C:/GitHub/Help4Traveling-Tarea2/web/verCarrito.jsp</file>
            <file>file:/C:/GitHub/Help4Traveling-Tarea2/src/java/Control/devolverImagenServicio.java</file>
            <file>file:/C:/GitHub/Help4Traveling-Tarea2/src/java/Modelo/ModelUsuario.java</file>
        </group>
    </open-files>
</project-private>
